epoch,time,train/box_loss,train/cls_loss,train/dfl_loss,metrics/precision(B),metrics/recall(B),metrics/mAP50(B),metrics/mAP50-95(B),val/box_loss,val/cls_loss,val/dfl_loss,lr/pg0,lr/pg1,lr/pg2
1,19.7992,1.49909,2.76775,1.92033,0.00333,1,0.31917,0.08156,0.89801,3.35104,1.54928,2e-05,2e-05,2e-05
2,36.6205,1.21552,2.56296,1.6503,0.00333,1,0.55819,0.1658,0.75455,3.27567,1.43924,5.8812e-05,5.8812e-05,5.8812e-05
3,54.2632,1.20408,2.48273,1.61516,0.00333,1,0.65514,0.31987,0.70473,3.23439,1.40974,9.604e-05,9.604e-05,9.604e-05
4,70.0626,0.86477,2.30793,1.42456,0.00333,1,0.70386,0.48641,0.68396,3.19692,1.37495,0.000131684,0.000131684,0.000131684
5,85.972,0.82189,1.97959,1.44602,0.00333,1,0.74414,0.58308,0.63582,3.14997,1.35656,0.000165744,0.000165744,0.000165744
6,101.793,0.87261,1.70604,1.40634,0.00333,1,0.80522,0.66216,0.58486,3.05354,1.31814,0.00019822,0.00019822,0.00019822
7,117.6,0.96462,1.60045,1.46097,0.00333,1,0.8845,0.62054,0.65932,3.03202,1.38378,0.000229112,0.000229112,0.000229112
8,133.31,0.75622,1.38831,1.32092,0.00333,1,0.93137,0.6965,0.6918,3.07239,1.41603,0.00025842,0.00025842,0.00025842
9,149.268,0.88755,1.38228,1.32547,0.00333,1,0.8677,0.6424,0.71178,3.11149,1.43783,0.000286144,0.000286144,0.000286144
10,165.562,0.90012,1.35359,1.39935,0.00333,1,0.92125,0.69422,0.70246,3.11505,1.41613,0.000312284,0.000312284,0.000312284
11,181.824,0.81191,1.18696,1.27301,0.00333,1,0.87522,0.63616,0.70068,3.10309,1.41804,0.00033684,0.00033684,0.00033684
12,198.891,0.70352,1.22144,1.2524,0.00333,1,0.97252,0.72228,0.66988,3.00238,1.35989,0.000359812,0.000359812,0.000359812
13,221.142,0.8912,1.38999,1.39014,0.22685,1,0.98789,0.76618,0.6088,3.00168,1.26822,0.0003812,0.0003812,0.0003812
14,240.809,0.73974,1.04756,1.23694,1,0.33901,0.98269,0.77729,0.67566,2.91399,1.34082,0.000401004,0.000401004,0.000401004
15,260.094,0.70012,1.0794,1.23774,0.94841,0.34783,0.92336,0.69664,0.80159,2.85162,1.51513,0.000419224,0.000419224,0.000419224
16,278.72,0.70565,0.96405,1.17927,0.86653,0.65217,0.89817,0.63905,0.86372,2.7913,1.65339,0.00043586,0.00043586,0.00043586
17,298.036,0.73437,0.97717,1.15817,0.97259,0.69565,0.90943,0.66143,0.86298,2.70345,1.73043,0.000450912,0.000450912,0.000450912
18,317.123,0.74422,1.03195,1.26927,1,0.74841,0.93117,0.70516,0.88129,2.70759,1.73728,0.00046438,0.00046438,0.00046438
19,335.812,0.74952,0.99898,1.31313,0.94523,0.73913,0.94698,0.65413,0.9754,2.69577,1.79231,0.000476264,0.000476264,0.000476264
20,354.505,0.68471,1.00556,1.23428,0.86391,0.8281,0.96092,0.62596,0.94839,2.66105,1.7308,0.000486564,0.000486564,0.000486564
21,373.568,0.75256,0.96409,1.25683,0.91089,0.86957,0.9519,0.5342,1.07621,2.66681,1.91802,0.00049528,0.00049528,0.00049528
22,392.517,0.71357,1.06688,1.26109,0.8816,0.97157,0.96095,0.54619,1.25305,2.61066,2.12765,0.000502412,0.000502412,0.000502412
23,411.331,0.88145,1.13208,1.31603,0.88813,0.95652,0.95157,0.57951,1.26504,2.62462,2.13118,0.00050796,0.00050796,0.00050796
24,430.067,0.69075,0.94914,1.18021,0.73867,0.86055,0.88664,0.60574,1.22716,2.57608,2.18667,0.000511924,0.000511924,0.000511924
25,449.538,0.83769,1.03242,1.2598,0.71213,0.86069,0.85788,0.56092,1.25802,2.59737,2.30203,0.000514304,0.000514304,0.000514304
26,468.369,0.74928,1.11449,1.3372,0.88473,0.66801,0.87936,0.51373,1.38728,2.74339,2.35073,0.0005151,0.0005151,0.0005151
27,486.946,0.86076,1.0666,1.38129,0.81365,1,0.94828,0.5812,1.37832,2.71055,2.15889,0.000514312,0.000514312,0.000514312
28,506.105,0.75158,0.96796,1.19191,0.81365,1,0.94828,0.5812,1.37832,2.71055,2.15889,0.00051194,0.00051194,0.00051194
29,524.752,0.75986,0.96665,1.17724,0.94629,1,0.995,0.69644,0.96613,2.31614,1.64336,0.000507984,0.000507984,0.000507984
30,544.756,0.78743,1.07267,1.34223,0.98938,1,0.995,0.8044,0.7294,1.95715,1.36562,0.000502444,0.000502444,0.000502444
31,563.641,0.68012,0.95045,1.22083,0.98938,1,0.995,0.8044,0.7294,1.95715,1.36562,0.00049532,0.00049532,0.00049532
32,582.428,0.74962,1.02518,1.25423,0.99095,1,0.995,0.88026,0.64152,1.8416,1.30217,0.000486612,0.000486612,0.000486612
33,600.971,0.59874,0.88043,1.1515,0.99032,1,0.995,0.87622,0.65657,1.78546,1.33316,0.00047632,0.00047632,0.00047632
34,619.68,0.70683,0.92476,1.15142,0.99032,1,0.995,0.87622,0.65657,1.78546,1.33316,0.000464444,0.000464444,0.000464444
35,639.017,0.77394,1.12615,1.33725,0.99603,1,0.995,0.86937,0.65353,1.7304,1.32057,0.000450984,0.000450984,0.000450984
36,657.756,0.52546,0.83681,1.0759,0.99654,1,0.995,0.8846,0.60857,1.63455,1.27598,0.00043594,0.00043594,0.00043594
37,676.962,0.71227,0.90935,1.19961,0.99654,1,0.995,0.8846,0.60857,1.63455,1.27598,0.000419312,0.000419312,0.000419312
38,695.711,0.65121,0.83467,1.10616,0.99594,1,0.995,0.88488,0.57343,1.51495,1.2323,0.0004011,0.0004011,0.0004011
39,714.908,0.57527,0.84876,1.15083,0.99656,1,0.995,0.8817,0.5487,1.44058,1.19784,0.000381304,0.000381304,0.000381304
40,734.63,0.60839,0.82786,1.15477,0.99656,1,0.995,0.8817,0.5487,1.44058,1.19784,0.000359924,0.000359924,0.000359924
41,757.013,0.49966,1.39243,1.20853,0.99627,1,0.995,0.88114,0.53504,1.47633,1.17766,0.00033696,0.00033696,0.00033696
42,776.897,0.42768,1.41255,1.09029,0.99675,1,0.995,0.89372,0.52014,1.55706,1.15667,0.000312412,0.000312412,0.000312412
43,795.592,0.50615,1.32546,1.15506,0.99675,1,0.995,0.89372,0.52014,1.55706,1.15667,0.00028628,0.00028628,0.00028628
44,814.101,0.44942,1.33875,1.13235,0.99727,1,0.995,0.89303,0.51011,1.62152,1.14821,0.000258564,0.000258564,0.000258564
45,834.072,0.42583,1.21342,1.0584,0.99727,1,0.995,0.89303,0.51011,1.62152,1.14821,0.000229264,0.000229264,0.000229264
46,852.673,0.5545,1.29808,1.23433,0.99734,1,0.995,0.89244,0.51151,1.63414,1.1518,0.00019838,0.00019838,0.00019838
47,870.959,0.41976,1.11334,1.08851,0.99734,1,0.995,0.89244,0.51151,1.63414,1.1518,0.000165912,0.000165912,0.000165912
48,889.744,0.52143,1.25725,1.16506,0.99743,1,0.995,0.9026,0.49156,1.60114,1.12786,0.00013186,0.00013186,0.00013186
49,907.914,0.40671,1.12939,1.06013,0.99743,1,0.995,0.9026,0.49156,1.60114,1.12786,9.6224e-05,9.6224e-05,9.6224e-05
50,926.32,0.48395,1.19117,1.15245,0.99717,1,0.995,0.92016,0.46363,1.56052,1.09033,5.9004e-05,5.9004e-05,5.9004e-05
